ID,Source location(page),Name_zh,Location,Dynasty,Description
Song001,19,菱格朵花纹绮,浙江黄岩赵伯沄墓出土,南宋,"浙江黄岩南宋赵伯沄墓出土丝绸上双胜内填几何四瓣朵花、套菱形、“田”纹组合纹样中以双线叠胜为核心图形,用占其面积1/4大小的方形填充核心图形的上下和左右,再用占方形面积1/4的小方形以及占小方形面积1/9的方点布置双胜左右的方形内部,用占方形面积1/9的方点布置双胜上下的方形内部。余下少量空间参考上述方法布局。4和9分别是2和3的平方,系数关系对应到方形面上的大小,甚是玄妙。"
Song002,21,双矩纹纱单衫,江苏金坛周瑀墓出土,南宋,"金坛南宋周瑀墓出土丝绸上矩纹的出现很可能与南宋隔代仿制商周青铜器皿的风气有关,毕竟矩纹曾经常见于铜制礼器上。综合各方面情况,赵承泽认为此织物是《梦粱录》“卷十八”中记载的“三法暗花纱”。其中意蕴关联佛教题材,可能所指为“文殊、普贤、佛三圣圆融”,一佛二菩萨称为“三圣”被抽象为“三法”。"
Song003,21,工字纹绫残片,宁夏西夏陵区一〇八号墓出土,西夏,周瑀墓出土双矩纹纱和西夏陵区一〇八号墓出土的工字纹绫都有此类纹样:工字纹为由粗细均匀的线条形成的空心工字形的几何纹。工字纹绫很有可能是从中原地区输入西夏国的。
Song004_restored,22,簇四球路纹绫纹样复原,原件江苏金坛周瑀墓出土,南宋,周瑀墓出土丝绸中还有簇四球路纹绫，扬之水认为其纹样所指为欧阳修《归田录》“卷二”中“方团毬路以赐两府”所说的“毬路”。
Song005,31,朱克柔缂丝作品《牡丹图册页》,,南宋,"如朱克柔《牡丹图册页》中富丽娇艳的独秀牡丹花,是绘画风格和丝织技艺等多种艺术完美融合的集中体现。"
Song006,32,牡丹纹提花纱,,宋代,折枝牡丹造型，将当时最流行的牡丹主题用最流行的折枝形式来表达。
Song007,35,牡丹纹花纱,福建福州黄昇墓出土,南宋,"黄昇墓出土丝绸上的折枝牡丹纹有两种姿态相互呼应,一朵上扬,一朵俯垂,既写实,又有设计感。"
Song008,36,花边上彩绘荷萍鱼石鹭鸶纹花边局部线描纹样复原,原件福建福州黄昇墓出土,南宋,"宋人对莲花的表现,也是多视角的,以侧视和3/4侧视为主,对荷叶叶脉的描绘也很形象"
Song009,37,重莲团花纹锦,新疆阿拉尔出土,北宋,"目前保存相对完整的莲荷纹来自新疆阿拉尔出土的重莲团花纹锦,由两朵3/4侧视的盛开莲花搭配3/4侧视荷叶,构成喜相逢的形式,荷花与荷叶的大小接近,头尾由S型叶柄相连,花叶间隙用两片叶草填充,整体作为团型轮廓中的适合纹样,疏密有度"
Song010,38,束莲纹罗地彩绣,,辽代,"有学者称其为束莲纹，把莲纹也出现在刺绣作品中,相似造型在辽代的丝织物上也曾出现过"
Song011,40,圆芯朵梅纹印花裙,福建福州茶园山墓出土,南宋,
Song012,40,空心朵梅纹异向绫,浙江武义徐谓礼墓出土,南宋,
Song013,41,枝梅纹印花绢,江苏南京长干寺地宫出土,北宋,
Song014,44,泥金团龙纹罗局部,江苏南京长干寺地宫出土,北宋,如南京北宋长干寺地宫出土的泥金罗巾上的菊花纹呈露芯单轮反抱状
Song015_restored,46,墨书对折枝菊花纹纱纹样复原,原件江苏南京长干寺地宫出土,北宋,
Song016,49,九条袈裟,,南宋,"收藏于日本京都正法寺的一件南宋时期的九条袈裟上就有类似纹样,织物为六枚异向绫"
Song017,49,涡旋卷草纹花纱,浙江余姚史嵩之墓出土,南宋,"这类纹样用线条表示枝干和树叶,以涡旋为基础,结合卷草纹的基本特征后,一正一反、一大一小组成纹样单元,多呈45度斜向,向两端延伸为二方连续,铺满整块织物,将视线引向透迤蜿蜒的斜向两端,气韵涌动"
Song018,50,松竹梅纹纹样复原,原件福建福州黄昇墓出土,南宋,"福州黄昇墓出土丝绸上的松竹梅纹样,竹叶和松针特征明显,曲线型树枝变化丰富"
Song019_original,51,松竹梅绮,江西德安周氏墓出土,南宋,"德安周氏墓出土丝绸上的松竹梅纹,用S型缠枝将三种植物连接,用暗花色块表现竹叶和梅花瓣,突出体量感,灵活逼真"
Song019_restored,52,松竹梅绮上长安竹纹局部纹样复原,原件江西德安周氏墓出土,南宋,
Song020,54,牡丹芙蓉梅花纹,福建福州黄昇墓出土,南宋,"黄昇墓出土丝绸上的花卉组合,为南宋时期常见的折枝花,主题是当时最为流行的牡丹和芙蓉组合,以类似梅花等小花作为过渡和点缀"
Song021,56,牡丹花心织莲纹提花纱,福建福州黄昇墓出土,南宋,"以尖瓣为标志的侧视莲荷、以五瓣为标志的俯视朵梅等用寥寥数笔表示的小型花卉被用作填花,规格虽小但也生动优美"
Song022,57,芙蓉叶内织梅纹提花纱,福建福州黄昇墓出土,南宋,"最具宋代审美特色的形象,是在缠枝花大型花卉的花蕊和叶片中填花加以点缀"
Song023_original,61,古铜色罗绣花佩绶,福建福州黄昇墓出土,南宋,"古铜色罗绣花佩绶采用刺绣工艺装饰正面,左右两条对称,所绣纹样为包括玫瑰花、马兰花、茶花、桃花、梨花、菊花、蔷薇花、月季花、芙蓉花、栀子花、秋葵花、海棠花、芍药、牡丹等在内的十八种花卉纹组合,花叶穿插自然,色调分明,惟妙惟肖。"
Song023_restored,61,古铜色罗绣花佩绶纹样复原,福建福州黄昇墓出土,南宋,
Song024_original,62,印花彩绘芙蓉人物纹花边,,南宋,"印花彩绘芙蓉人物纹花边位于上衣的直领对襟两侧,左右两条对称,纹样不是非常清晰。但依然可见每条花边上有用细小枝柄相连的宽大树叶,类似花内填花的风格,个别树叶上画有叶脉,其他树叶上还填有以几何纹为主的小纹样;枝叶空隙中饰有手执花枝站立在几凳上的童子形象,俏皮风趣,栩栩如生"
Song024_restored,62,印花彩绘芙蓉人物纹花边纹样复原,,南宋,
Song025_original,63,褐色芙蓉花罗夹衣花卉纹印花花边,福建福州黄昇墓出土,南宋,"褐色芙蓉花罗夹衣的花边采用印花工艺,以缠枝花叶为主作带状适合纹样,从朵花造型看,纹样是盛开的梅花,两种花朵均为俯视视角效果。树叶对生,叶片呈卵形,基部为心形,和现实中的梅树叶也很接近。"
Song025_restored,63,褐色芙蓉花罗夹衣花卉纹印花花边纹样复原,福建福州黄昇墓出土,南宋,
Song026_original,64,蝶恋芍药纹印花花边,福建福州黄昇墓出土,南宋,"蝶恋芍药纹印花花边采用刺绣工艺,纹样以通过花枝纵向蔓延生长的芍药花为主,花间饰有收起翅膀停在花上的带有不同花斑的蝴蝶,在枝蔓上还点缀有随风飘摆的璎珞绶带纹,构图巧妙,线条流畅"
Song026_restored,64,蝶恋芍药纹印花花边纹样复原,福建福州黄昇墓出土,南宋,
Song027_original,65,镂空刷印卷草纹花边,福建福州黄昇墓出土,南宋,"镂空刷印卷草纹花边采用色胶印花工艺,卷草纹呈缠枝状,花纹线条较粗,配以描金勾边。从造型上看与唐朝用作边饰的卷草纹有继承关系。"
Song027_restored,65,镂空刷印卷草纹花边纹样复原,福建福州黄昇墓出土,南宋,
Song028,67,交领重莲纹花纱袍,浙江黄岩赵伯法墓出土,南宋,"赵伯沄墓出土织物上的重莲纹,纹样单元中以纹理清新的两朵侧视状莲花为主题,各辅以带有翻转细节的俯视状荷叶和半侧视状荷叶,相对穿插,其间枝蔓若隐若现,并以四瓣朵花作为宾花间饰。"
Song029_original,68,交领重莲纹花纱袍,浙江黄岩赵伯法墓出土,南宋,"赵伯沄墓出土织物上的重莲纹,纹样单元中以纹理清新的两朵侧视状莲花为主题,各辅以带有翻转细节的俯视状荷叶和半侧视状荷叶,相对穿插,其间枝蔓若隐若现,并以四瓣朵花作为宾花间饰。"
Song029_restored,69,交领重莲纹花纱袍纹样复原,浙江黄岩赵伯法墓出土,南宋,
Song030,71,缠枝葡萄纹绫织物,浙江黄岩赵伯法墓出土,南宋,"赵伯沄墓出土绫织物上缠枝葡萄纹为写实风格,整体构图以及对细节的描绘不再带有程式化色彩,而与南宋画家林椿所作《葡萄草虫图》有异曲同工之妙"
Song031,72,婴童缠枝花果纹绫残片,,宋代,"宋代果实纹不多见,美国大都会艺术博物馆收藏有宋代婴童缠枝花果纹绫,果实为石榴"
Song032,74,花卉纹绫,浙江余姚史嵩之墓出土,南宋,"平经丝织物绫,花部和地部同样致密,只是色调有别"
Song033,75,花卉纹二经绞提花纱,江苏南京长干寺地宫出土,北宋,二经绞提花纱
Song034,75,花卉纹三经绞提花纱,浙江余姚史嵩之墓出土,南宋,二经绞提花纱
Song035,80,牡丹花纱背心三经绞斜纹花纱,福建福州黄昇墓出土,南宋,四经绞和二经绞互为花地的花罗
Song036_original,82,柿蒂花绫,江苏南京长干寺地宫出土,北宋,"北宋时期,整体纹样风格较为朴素简洁,在植物纹样上也呈现出花卉几何化的趋势。这在前文中所介绍的菊花、莲花等主题上都得到体现,最典型的是柿蒂花,经过抽象处理之后,形态上已很难看出原型"
Song036_restored,82,柿蒂花绫纹样复原,江苏南京长干寺地宫出土,北宋,
Song037,83,缠枝花卉纹花绫,浙江余姚史嵩之墓出土,南宋,"南宋时期缠枝花卉纹样较为常见,具有代表性的是余姚史嵩之墓缠枝花卉纹花绫,纹样中花头较小,几与叶同,可辨认的有菊花、牡丹等"
Song038_original,84,折枝花绫,江西德安周氏墓出土,南宋,"折枝花卉纹样造型更加生动活泼,中国丝绸博物馆收藏的一件德安周氏墓出土折枝花绫上的折枝花卉纹样呈二二错排,其中一行花头向左、一行花头向右,间隔排列"
Song038_restored,84,折枝花绫纹样复原,江西德安周氏墓出土,南宋,
Song039_restored,85,纱织物上小折枝花纹样复原,原件浙江余姚史嵩之墓出土,南宋,"南宋时期注重姿态表达,并且折枝花卉分为明折枝和藏折枝两种。明折枝花卉最流行"
Song040_restored,85,纱织物上小折枝花纹样复原,原件浙江余姚史嵩之墓出土,南宋,"藏折枝花卉可见生色折枝花的整个造型,对枝条处理很高明,时隐时现,亦真亦幻,更添生趣"
Song041,90,鸾鹊缠枝叶纹纱罗裙,江西德安周氏墓出土,南宋,"赵伯沄墓出土服饰上有绣球梅鹊纹样,德安周氏墓出土纱罗裙上有缠枝叶和小型鸟类纹样"
Song041_detailed,90,弯鹊缠枝叶纹纱罗裙纹样,江西德安周氏墓出土,南宋,"赵伯沄墓出土服饰上有绣球梅鹊纹样,德安周氏墓出土纱罗裙上有缠枝叶和小型鸟类纹样"
Song043,91,金地缂丝鸾鹊,,宋代,"目前可以看到鸾鹊形象的还有美国大都会艺术博物馆收藏的宋代金地缂丝鸾鹊,织中的飞鸾尾羽呈卷草状,鹊成对出现,鹊头相对,各口衔灵芝"
Song044,93,蓝地对鹿纹锦,,宋代,"兽类纹样在宋代丝绸上偶有出现。中国丝绸博物馆收藏有宋代蓝地对鹿纹锦,以蓝色为地,纹样的中轴线处为一朵直立生长的大花,开得非常饱满。在大花的两侧又各长出几片卷曲的叶片以及几朵小花,围出了整个纹样滴珠状的外形。花下,两只鹿相对而卧,可能是梅花鹿,鹿首微昂,前足微微抬起。"
Song045,94,“富”字狮子戏珠藤花绫,,宋代,"宋代丝织品上著名的狮子形象有湖南衡阳何家皂一号墓出土北宋棕色“富”字狮子戏珠藤花绫上的狮子,虽然织物残破,仍可见狮子瞠目结舌,表情乖张"
Song046,94,缂丝《狮嬉图》,,北宋,"丝织品上的狮纹还见于北宋时期缂丝《狮嬉图》:狮子在花叶丛中行走,体型圆润,正迈开一只前腿,非常可爱"
Song047_restored,95,狮子戏球花边纹样复原,福建福州黄昇墓出土,南宋,"黄昇墓出土丝织品的花边上也发现了狮子滚绣球的各种动态形象,虽然对狮子表现的技法有点幼稚,但总体可以看出想要表达狮子活泼好动的性格特征"
Song048,95,双虎纹印花绢,福建福州黄昇墓出土,南宋,"虎纹是比较少见的,但黄昇墓出土了一件双虎纹印花绢。纹样单元由上下两只站姿不同的老虎组成,大致为一一错排形式,相邻行和相邻列纹样方向相反。由于纹样规格较小,没有虎的面部和斑纹的体现。"
Song049,97,双蝶恋菊纹绫,浙江黄岩赵伯沄墓出土,南宋,"双蝶恋菊纹样单元中,一朵盛开的菊花置于花枝端,花瓣为3/4侧视状,花蕊为侧视状,枝上生枝再以花蕾和卷叶为点缀,安花巧密;只正面视角和只侧面视角的花蝴蝶缠绵成双,成为点睛之笔。前文中所说的卷叶相思鸟也属于穿花动物组合纹样,但要论意境,双蝶恋菊更胜一筹。"
Song050_original,99,泥金小团龙纹罗,江苏南京长干寺地宫出土,北宋,"在长干寺地宫出土的印绘丝织品上有团龙的造型,其一面容柔和,亲切可人"
Song050_restored,99,泥金小团龙纹罗纹样复原,江苏南京长干寺地宫出土,北宋,
Song051,100,泥金团龙纹罗,江苏南京长干寺地宫出土,北宋,"在长干寺地宫出土的印绘丝织品上有团龙的造型,其一体型健硕,实为三爪"
Song051_detailed,100,泥金团龙纹罗团龙纹,江苏南京长干寺地宫出土,北宋,"在长干寺地宫出土的印绘丝织品上有团龙的造型,其一体型健硕,实为三爪"
Song053_original,102,《宋孝宗诗贴》,,南宋,"收藏在台北故宫博物院的《宋孝宗诗贴》册页中有一凤一鸾的造型,此件织物原名为云凤鸟纹绫,头戴云状高冠的无疑是凤,飞凤双翅展开,五条锯齿状长尾羽飘向一侧;而尾部如飘带般长且飘逸的,更有可能是鸾"
Song053_restored,103,《宋孝宗诗贴》册页云凤鸟纹绫纹样复原,,南宋,
Song054_restored,104,弯凤花边纹样复原中的凤形象,原件福建福州黄昇墓出土,南宋,"黄昇墓中出土鸾凤花边,其纹样也是一凤一鸾"
Song055_restored,108,婴童缠枝花果纹绫纹样复原,,宋代,"婴童缠枝花果纹绫上婴戏纹样呈中轴对称,以缠枝花卉作为主纹,两边各有缠枝果实纹,其间穿插童子纹样,童子身材矮胖,脸圆头大,显得憨态可掬,五官刻画清晰"
Song056,109,牡丹葵花莲童绫残片,湖南衡阳何家皂墓出土,北宋,"衡阳何家皂墓出土牡丹葵花莲童绫残片中,果实为石榴、桃、莲蓬和佛手果,用手攀树枝、牡丹、葵花、莲花等的坐姿童子作为陪衬,纹样主次分明"
Song057,110,手绘石榴童子罗带,,辽代,"辽宋时,还有将童子置身于果实之中的设计,果实为多籽的石榴"
Song058,111,描金折枝花纹与球路流苏纹罗,,北宋,"球路流苏组合可理解为宋代特别是北宋常见的璎珞纹样。长干寺地宫出土描金折枝花纹与球路流苏纹罗上,两种纹样二二错开排列;球路流苏纹与宋代绘画中常看到的流苏线球一脉相承,如白沙一号宋墓壁画中的流苏线球、流苏,日本大阪山中商会所藏宋画中的流苏等。"
Song058_detailed,111,描金折枝花纹与球路流苏纹罗上的描金球路流苏纹,,北宋,"球路流苏组合可理解为宋代特别是北宋常见的璎珞纹样。长干寺地宫出土描金折枝花纹与球路流苏纹罗上,两种纹样二二错开排列;球路流苏纹与宋代绘画中常看到的流苏线球一脉相承,如白沙一号宋墓壁画中的流苏线球、流苏,日本大阪山中商会所藏宋画中的流苏等。"
Song059_restored,112,纱织物上缠枝山茶璎珞纹纹样复原,原件江西德安周氏墓出土,南宋,"从史嵩之墓出土织物上的缠枝花卉璎珞纹可见,纹样呈S形波状骨架排列,纹样不完全对称,花繁叶茂,生动活泼,璎珞精工细作,高挂枝头,如沐春风。类似的纹样在黄昇墓和周氏墓出土丝绸上都有发现"
Song060_restored,113,绫织物上花卉璎珞纹纹样复原,江西德安周氏墓出土,南宋,"从史嵩之墓出土织物上的缠枝花卉璎珞纹可见,纹样呈S形波状骨架排列,纹样不完全对称,花繁叶茂,生动活泼,璎珞精工细作,高挂枝头,如沐春风。类似的纹样在黄昇墓和周氏墓出土丝绸上都有发现"
Song061_restored,115,彩绘蝶恋芍药花边线描纹样复原,原件福建福州黄昇墓出土,南宋,"纹样表现工艺不仅有提花,还有印绘;纹样形式不仅有四方连续,还有二方连续"
Song062_restored,115,彩绘芍药璎珞纹花边线描纹样复原,原件福建福州黄昇墓出土,南宋,"纹样表现工艺不仅有提花,还有印绘;纹样形式不仅有四方连续,还有二方连续"
Song063,116,如意山茶纹提花纱残片,江西德安周氏墓出土,南宋,"德安周氏墓出土了如意山茶纹提花纱,山茶花卉造型为斜横带叶花枝,如意纹为四合如意,造型优美"
Song064,118,花卉方胜如意提花绝,浙江黄岩赵伯法墓出土,南宋,"赵伯沄墓出土提花绝上的花卉方胜如意纹别具匠心。其纹样呈格子骨架,方胜在经纬向上都近8厘米,四边饰以带枝叶的不明花束,形态各异,以团形小几何花纹作为宾花,不像同期同类组合大都是散点排列的小型纹样,这与辽代耶律羽之墓出土丝绸上的两个方胜动物纹构图更相近,充满异族风情。"
Song065_restored,119,绮织物上四合如意“米”字纹纹样复原,原件福建福州黄昇墓出土,南宋,"黄昇墓出土丝绸中还有四合如意为主的纹样组合,比如与几何纹搭配"
Song066_restored,119,罗织物上四合如意纹样复原,原件福建福州黄昇墓出土,南宋,"四合如意纹以45度倾斜为常见形态,少有正向形态"
Song067,121,泥金团龙纹罗,江苏南京长干寺地宫出土,北宋,南京北宋长干寺地宫出土丝绸上就有呈涡旋曲线的云纹
Song068,121,如意云纹花罗残片,浙江余姚史嵩之墓出土,南宋,"宋代较为流行的还有如意云纹,造型往往以七个如意状云头的朵云和小朵云为一个单位,组成一丛云的形态,看起来瑞气缭绕"
Song069_original,123,“永如松竹”双面刺绣绢巾,江苏南京长干寺地宫出土,北宋,"宋代丝绸上所见文字纹样,比较集中地出现在南京北宋长干寺地宫出土的用双面绣、泥金等工艺装饰的丝绸上,出现的文字依然是具有吉祥含义或雅致寓意的字样,如“永”“如”“松”“竹”"
Song069_restored,123,“永如松竹”双面刺绣绢巾纹样复原,江苏南京长干寺地宫出土,北宋,
Song070_restored,124,泥金小团龙纹罗上的“千秋万岁”团花纹样复原,原件江苏南京长干寺地宫出土,北宋,"南京北宋长干寺地宫出土的泥金小团龙纹罗四个角上的小团花纹为配合小团龙纹的文字纹,字样为“千”“秋”“万”“岁”"
Song071,124,杜牧《赠终南兰若僧》诗文双面刺绣绢巾,江苏南京长干寺地宫出土,北宋,"另有一件双面刺绣,内容为杜牧七绝《赠终南兰若僧》,在诗文的上、下、右、左方向松还饰有“永”“保”“千”“春”,共32字，字体工整,充满生活气息。结合南京北宋长干寺地宫出土的其他丝绸上的墨书发愿文,以及部分丝绸为用作供奉香料的包裹布等情况,不难理解字里行间所表达的当时人们对佛教的虔诚、对佛祖的敬畏之情以及对美好生活的向往。"
Yuan001,6,“香花供养”刺绣龙袱,北京双塔庆寿寺出土,元代,"墓中出土的刺绣龙袱为绸质,中绣张牙舞爪的戏珠黄龙和彩云,四角绣有牡丹、芍药和牵牛花等,主花上还绣有“香花供养”四字。此件绣品针法多变,绣工精细,堪称大蒙古国时期刺绣珍品。"
Yuan002,8,织金锦袍,内蒙古达茂旗大苏吉乡明水墓出土,元代,"墓中出土的织金锦袍呈黄褐色,交领右衽,肥大拖地,窄袖口,束腰,衣料考究,做工精细。"
Yuan002_detailed,9,团窠戴王冠人面狮身锦,内蒙古达茂旗大苏吉乡明水墓出土,元代,右衽底襟和左下摆夹层处及两个袖口则采用团窠戴王冠人面狮身锦
Yuan003,11,紫地罗花鸟纹刺绣夹衫,内蒙古集宁路古城出土,元代,"出土丝织物中最有特色的当属件紫地罗花鸟纹刺绣夹衫。夹衫保存完好,广袖直筒状,后背用两幅织物拼接,前襟上部用棕色素罗贴边,衣领及前襟下部用纱地挖花织物贴边。衬里亦用两幅织物拼接而成。其刺绣手法,似现在的苏州刺绣,针法以平针为主,并采用打籽针、辫针、鱼鳞针等。夹衫上的刺绣图案多达99个,花型、大小不同,其中最大的在两肩及前胸部分。最大的一组长37厘米、宽30厘米,主题为对仙鹤,确是元代精美之作。"
Yuan004,12,黄地菱格宝相花织金锦,甘肃漳县汪世显家族墓出土,元代,"在4号墓中还出土了一件非常特殊的文物,在该墓葬的简报1中名为“抹胸”。它长30厘米、宽26厘米,形似背心,表层为黄地菱格宝相花织金锦,菱格之中为四出如意头图案,主花为八瓣团窠。以团花为题材,而非动物,也是此织锦的特别之处。内衬褐色麻布,一面开襟上缀盘扣9个,另一面有4根带子,2根竖着下垂,2根互相交叉。赵丰认为,这件最初被定名为“抹胸”的织物很可能是姑姑冠的一部分。"
Yuan005,15,白绫地彩绣鸟兽蝴蝶花卉枕顶,河北隆化鸽子洞元代窖藏出土,元代,
Yuan006,17,梅鹊方补菱纹绸短袖男夹袍,山东邹城李裕庵夫妇合葬墓出土,元代,"如梅鹊方补菱纹绸短袖男夹袍,交领右衽,短宽袖,前胸后背均织有方补,图案均为梅雀纹。该墓出土的男女绵裤都是开裆的,并另加横腰,在腰部缀带三条。"
Yuan007,19,缠枝牡丹纹暗花缎,江苏无锡钱裕墓出土,元代,"该墓最重要的实物是迄今为止出土的最早的具有确切年代的缠枝牡丹纹暗花缎。暗花缎纹样为缠枝牡丹纹,花卉多瓣,花型较小,尤其是牡丹纹样不如明代牡丹之富贵大方,牡丹叶上还填有花卉,正如南宋织物纹样叶中填花、花中有叶的风格,说明在元初的江南,织造艺术在很大程度上还是继承南宋风格的。"
Yuan008,21,翟鸟纹蔽膝,江苏苏州吴张士诚母曹氏墓出土,元代,"其中一件翟鸟纹蔽膝,以四经绞的素罗为地,呈梯形,上窄下宽,上端有三个绢襻,可用于穿带。蔽膝主体上绘有左右对称的三组六双十二只翟鸟。"
Yuan009_restored,32,紫地卧鹿纹织金绢纹样复原,原件内蒙古达茂旗大苏吉乡明水墓出土,元代,
Yuan010,33,摩羯纹织金绢棺壁贴,内蒙古达茂旗大苏吉乡明水墓出土,元代,
Yuan011,37,缂丝紫汤荷花纹靴套,内蒙古达茂旗大苏吉乡明水墓出土,元代,"内蒙古达茂旗大苏吉乡明水墓出土的缂丝紫汤荷花纹靴套,顶端有带,用于系在裤带上,缂丝作面料,织金锦缘边。用作面料的缂丝是在紫色地上缂织荷花、桃花等花卉,与史料中记载的“紫汤荷花”相吻合。"
Yuan012,39,缂丝曼陀罗唐卡,,元代,"美国大都会艺术博物馆收藏的一幅缂丝曼陀罗唐卡,应为当时的织麺心佛像,且在曼陀罗下方织有文宗、明宗两位皇帝及其皇后的像。"
Yuan013,41,刺绣唐卡《西方广目天王像》,,元代,"刺绣为棕红色缎地,中央绣气势威猛的西方广目天王像,天王头戴凤翅盔,身披铠甲,手执弓箭,背景满布云纹。"
Yuan014,42,黄缎绣《妙法莲华经》第五卷书,,元代,"现藏于首都博物馆的传世品黄缎绣《妙法莲华经》第五卷书,五枚缎地上绣蓝丝绒楷书,经卷首尾各有一幅刺绣佛教图案。卷首绣释迦牟尼说法图,卷尾绣韦驮像。佛像的面部和手以印金作底,发式采用打籽绣;佛衣用丝线平绣作底,捻金线勾勒水田衣纹。经文均用刺绣。经文中有154个“佛”字,除1个为平金绣佛像外,其余均为金线绣字。经卷落款中记载了刺绣地点、时间及刺绣人。"
Yuan015,43,黄缎绣《妙法莲华经》第五卷书,,元代,"现藏于首都博物馆的传世品黄缎绣《妙法莲华经》第五卷书,五枚缎地上绣蓝丝绒楷书,经卷首尾各有一幅刺绣佛教图案。卷首绣释迦牟尼说法图,卷尾绣韦驮像。佛像的面部和手以印金作底,发式采用打籽绣;佛衣用丝线平绣作底,捻金线勾勒水田衣纹。经文均用刺绣。经文中有154个“佛”字,除1个为平金绣佛像外,其余均为金线绣字。经卷落款中记载了刺绣地点、时间及刺绣人。"
Yuan016,45,紫地罗花鸟纹刺绣夹衫刺绣纹样之一,内蒙古集宁路古城出土,元代,"最大一组为37厘米×30厘米。衣服上还有表现人物故事的图案,非常引人注目:一女子坐池旁树下凝视水中鸳鸯;一女子骑驴扬鞭在山间枫树林中行走;戴幞头男子倚坐枫树下,悠然自得;戴帽撑伞人物荡舟于湖上"
Yuan017,46,贴罗绣僧帽,北京双塔庆寿寺出土,元代,"北京双塔庆寿寺出土的贴罗绣僧帽,棉织品,紫色地,尖顶,正方口,顶作四阿式。帽边贴绣深褐色罗如意头,帽身四面贴绣深褐色如意形花纹图案。"
Yuan018,47,鲁绣山水人物凤鸟纹裙带及局部图,山东邹城李裕庵夫妇合葬墓出土,元代,"两条裙带,绣品狭长,一条绣山水、人物、凤鸟,另一条绣梅花、山石。花卉取缠枝的形式,枝连蔓绕,绵延不断,人物、凤鸟则置于景物之间,互不勾连。图案颇具写实风格,唯求神完,不重形肖,虽略觉粗犷,但在高仅1厘米左右的人物上,眉目仍用丝线绣出,已是十分用心。"
Yuan019,48,满池娇纹绣片,内蒙古黑水城出土,元代,"环编绣是元代开始出现的一种刺绣。它是用股线作绣线,用一根线通过穿绕将显示图案的区域编满,故称为“环编”。环编绣在元代主要用于装饰性绣品的边缘"
Yuan020,55,壁画中的春季捺钵场景,内蒙古巴林右旗辽庆东陵中室壁画,辽代,"在内蒙古巴林右旗辽庆东陵中室壁画上,有春季捺钵的场景:山麓之下杏花开放,山谷间溪水潺潺,岸边柳树丛生,一群天鹅在溪水中嬉戏游弋,整个画面春意盎然。"
Yuan021,56,《元世祖出猎图》绢本设色画,,元代,"台北故宫博物院收藏的《元世祖出猎图》绢本设色画生动地再现了大汗与侍从秋猎的宏大场景。图中的“貂鼠红袍”、“金盘陀”、“仰天一箭”和“骆驼”等画面,均与元代陈孚诗中的“貂鼠红袍金盘陀,仰天一箭双天鹅。雕弓放下笑归去,急鼓数声鸣骆驼”相符。"
Yuan022,62,缂丝《莲塘鹅戏图》局部,北京双塔庆寿寺出土,元代,"北京双塔庆寿寺出土了大蒙古国时期的缂丝《莲塘鹅戏图》紫色地上施以鹅戏莲花纹,花纹形象细小,构图取四方连续的形式,其图案如今通常被称为“紫汤鹅戏莲“"
Yuan023,63,缂丝《莲塘双鸭图》,北京双塔庆寿寺出土,元代,
Yuan024,66,紫地罗花鸟纹刺绣夹衫上的满池娇纹,内蒙古集宁路古城出土,元代,"异常生动的满池娇图案:两只鹭鸶,一只伫立着,一只带着祥云盘旋而下,以水波、荷叶、粉藕以及水草、芦苇为背景,天空中还飘着彩云,将这种纹样表现到了极致"
Yuan025,69,动物花鸟纹刺绣,,元代,"该绣品上的纹样凸显了传统中国纹样的特色,无论是凤鸟、鹦鹉,还是斑马、兔、卧鹿、立鹿四个方向的位置设计,以及盛开的莲花、莲叶等图案,均盛行于元代。"
Yuan026,71,紫地罗花鸟纹刺绣夹衫上的刺绣鹿纹,内蒙古集宁路古城出土,元代,"紫地罗花鸟纹刺绣夹衫上的刺绣鹿纹,该鹿头顶灵芝状花冠,边疾驰飞奔,边回首观望,似背后有猎人追击,十分生动。"
Yuan027,73,海东青逐兔纹胸背,,元代,"如一件私人收藏的元代袍服,右衽交领,窄袖宽摆,衣身胸前有一块四方形妆金胸背。该胸背保存完好,纹样主体为一只健壮的奔兔,其右上方有一只凌空展翅的猎鹰,正是海东青。海东青的体型要比奔兔小很多,体现了近大远小的空间感,鹰的身后飘动着朵朵灵芝祥云,衬托出鹰飞翔的速度,如一幅写实的鹰逐兔的场景。"
Yuan028,76,印金描朱兔纹纱,,元代,"元代印金描朱兔纹纱,同样是搭子纹样,主题为花草丛中边跑边回首的兔子。工艺为印金再加印朱砂,即在印金图案上勾勒图案的轮廓。"
Yuan029,77,缂丝玉兔云肩残片,,元代,"兔子与太阳中的金乌相对,在月亮里捣长生不老药,如缂丝玉兔云肩残片所示。"
Yuan030,77,对鸟纹织金锦,,元代,由背对背但回头相望或面对面的两禽组成
Yuan031,79,黑地对鹦鹉纹织金锦,,元代,"黑地对鹦鹉纹织金锦,鹦鹉翅上还织有波斯文字,这是较为多见的对称形式。"
Yuan032,80,团窠对孔雀纹粟特锦残片,,元代,"中国丝绸博物馆收藏的团窠对孔雀纹粟特锦残片,虽然很窄,但纬向很长,达83厘米。纬向上共有四个团窠,左端两个团窠的纹样较为完整,可以看出其中的主题纹样是一对孔雀,中间为一棵花树,孔雀颈上系有一带,花树之中也有一新月装饰。团窠外环以阿拉伯库菲字体纹样作为造型,即用无法辨认的文字纹样作为装饰,这是极为典型的伊斯兰艺术的特点,在当时极为流行。该织物的大部分区域以蓝、绿、黄三色织成,但绿色基本已褪色。残片上部有宽约2.5厘米的纹样带,由黄、绿、白三色织成,图案无法辨认。"
Yuan033,82,双头鸟织金锦,,元代,"双头鸟织金锦,其上的双头鸟体形极大。有学者认为,此类双头鸟可能是格力芬的变体,源自西亚的斯基泰民族。但这些双头鸟的来历和含义应有很大的不同,至今为止双头鸟与其载体的关系依然不甚清晰,众说纷纭。"
Yuan034,83,对雕纹织金锦风帽,内蒙古达茂旗大苏吉乡明水墓出土,元代,"禽鸟纹样的第三类是队列形式,内蒙古达茂旗大苏吉乡明水墓出土的对雕纹织金锦风帽就是这种类型的。这种无骨架的禽鸟图案在13世纪较为流行。"
Yuan035_restored,85,团窠格力芬织金锦纹样复原,,元代,"如美国大都会艺术博物馆收藏的团窠格力芬织金锦;有鹰首羊身格力芬,如内蒙古集宁路古城出土的龟甲地瓣窠对格力芬彩锦,在椭圆形窠内填充的对格力芬,圆眼、鹰嘴,身上卷曲如羊毛,短腿,四肢长有羊蹄。"
Yuan036_restored,86,团窠戴王冠对狮身人面织金锦纹样复原,,元代,"内蒙古达茂旗大苏吉乡明水墓出土的团窠戴王冠对狮身人面织金锦,是非常典型的代表。此锦原用于辫线袄下摆。图案的基本骨架为四瓣小花连成的方格,中间是22瓣的瓣窠,窠中对翼狮造型生动,人面戴冠,作相背回首状,窠外四角有莲花装饰,此锦是一件极为难得的珍品。"
Yuan037,87,狮首纹风帽,,元代,"在古代中亚,狮子是权威的象征,狮首纹意为荣耀面容。对狮是兀代十分常见的题材,它与唐代对狮图案的不同之处在于,两狮往往背向而立,其尾盘绕于后腿之间"
Yuan037_detailed,87,狮首纹风帽,,元代,"在古代中亚,狮子是权威的象征,狮首纹意为荣耀面容。对狮是兀代十分常见的题材,它与唐代对狮图案的不同之处在于,两狮往往背向而立,其尾盘绕于后腿之间"
Yuan038,88,翼狮格力芬织金锦,,元代,"美国克利夫兰艺术博物馆收藏的翼狮格力芬织金锦中的对狮就是背向而立,转首相望的。狮子翅云纹具有典型的中国风格,尾巴末端以龙头为饰。"
Yuan039,89,Djeiran纹妆金绫帽披,,元代,"神兽纹样中,相对来说Djeiran比较少见。这是一种似鹿非鹿的纹样,是一种来自中亚的动物,7世纪后经常出现在粟特人的银器上,当地称为Djeiran,翻成中文应该是中亚羚羊。Djeiran纹样被考证认为来自西域粟特,在金代以前中国的纺织品、金银器和瓷器上均未发现这种图案。"
Yuan040,92,棕叶纹织金绢,,元代,"美国克利夫兰艺术博物馆收藏的棕叶纹织金绢就是这种风格的，而且双根地线为一组的织造技术也继承了中亚的传统纺织特征,但是纹纬在织物背面以抛梭的形式织造,这又是典型的中国织造传统。"
Yuan041,94,织金锦辫线袍,,元代,"带有波斯或阿拉伯文字风格的图案,以圆圈和线条组成。纹样规整变形,上下左右,处处对称,高度程式化,和伊斯兰装饰风格十分接近。"
Yuan042,94,几何纹肩襕,,元代,"带有波斯或阿拉伯文字风格的图案,以圆圈和线条组成。纹样规整变形,上下左右,处处对称,高度程式化,和伊斯兰装饰风格十分接近。"
Yuan043_restored,95,菱格金锭卍字纹织金绢纹样复原,,元代,"卍字屡见于元代丝绸,它时而充当主纹,时而用作地纹,它的出现使得图案显得规矩严谨。卍字原是佛教中的一个吉祥符号,在唐代时出现,但当时只是单独用于佛教场合。到宋代后,由于曲水纹的大量出现,卍字作为一种装饰图案的地纹被大量使用。元代是卍字使用最为普及的时代。这种卍字发展到明清时期,成为卍字不断头,寓意绵绵无绝。"
Yuan044,96,龟背地团花纹特结锦,,元代,"中国丝绸博物馆收藏的龟背地团花纹特结锦,以六边形的龟背纹作地,在龟背内填以六瓣小花,主花为直径16.5厘米的团花图案,以二二错排的形式排列。"
Yuan045_restored,98,琐纹地滴珠窠花卉纹织金锦纹样复原,原件甘肃敦煌莫高窟出土,元代,"而敦煌莫高窟出土的琐纹地滴珠窠花卉纹织金锦残片,图案为琐纹格地上置桃形瓣窠,窠内为朵花纹"
Yuan046,100,卍字地双兔纹龙纹胸背日月双肩织金大袖袍,,元代,"卍字地双兔纹龙纹胸背日月双肩织金大绣袍的上身部分共有四个纹样区,双肩是双龙托起的圆盘,前胸后背均织出方形的五爪龙纹"
Yuan046_restored,101,卍字地双兔纹龙纹胸背日月双肩织金大袖袍胸背上的纹样,,元代,
Yuan047,103,罗地龙纹刺绣衣边,江苏苏州吴张士诚母曹氏墓出土,元代,"江苏苏州吴张士诚母曹氏墓出土的罗地龙纹刺绣衣边,表现的正是腾云驾雾的行龙形象,龙的造型简洁,均为五爪,龙与龙之间相隔两朵卷草的纹样。"
Yuan048,104,刺绣团龙,重庆明玉珍墓出土,元代,"团龙纹作为君主袍服的纹样,始于唐代,最早的记载见于《唐会要》,宋代和西夏时期亦有出现,重庆明玉珍墓出土了刺绣团龙"
Yuan049_restored,105,柿蒂窠龙纹纱纹样复原,原件韩国文殊寺金铜阿弥陀佛腹中发现,元代,高丽时期的佛腹藏织物--发现于韩国文殊寺的柿蒂窠龙纹纱
Yuan050,106,云龙八吉祥暗花缎,江苏无锡钱裕墓出土,元代,"元代的龙常与花草、云气,甚至八吉祥等相结合,于是就有了“百花撵龙”“云龙八吉祥”等。"
Yuan051,107,罗地双盘凤纹绣方巾,,元代,"美国大都会艺术博物馆收藏的罗地双盘凤纹绣方巾中的双凤,一只尾为五彩飘带,另一只作卷草状。"
Yuan052,110,摩羯鱼凤纹织金锦,,元代,"元代凤鸟的造型没有龙的造型丰富,最常见的就是翔凤,或称作“飞凤”,以展翅奋飞的凤凰构成图纹,振翅收腿,尾羽舒展表示凤在空中翱翔"
Yuan053,111,织金锦凤纹袍服,,元代,"元代凤鸟的造型没有龙的造型丰富,最常见的就是翔凤,或称作“飞凤”,以展翅奋飞的凤凰构成图纹,振翅收腿,尾羽舒展表示凤在空中翱翔"
Yuan054,113,褐地鸾凤串枝牡丹莲纹锦被面,河北隆化鸽子洞元代窖藏出土,元代,"河北隆化鸽子洞元代窖藏出土的褐地鸾凤串枝牡丹莲纹锦被面,从被头开始共分三段,其中一、二两段图案一致,均为凤穿牡丹纹。"
Yuan055_restored,114,牡丹莲花凤纹特结锦纹样复原,,元代,
Yuan056,115,对龙对凤纹两色绫,,元代,"龙与凤配合成对龙对凤纹,则为“龙凤呈祥”,或“龙凤献瑞”。龙为鳞虫之长,凤为百鸟之王,民间传说龙凤能知天下治乱兴衰,龙凤出,则天下平,大吉大祥。"
Yuan057_restored,117,梅鹊方补菱纹绸短袖男夹袍“喜上眉梢”纹样复原,,元代,"出自该墓的梅鹊方补菱纹绸短袖男夹袍,交领、右衽,以菱格为地,主题纹样织在前胸和后背,表现的是嬉戏于梅花枝头的喜鹊。该纹样中,一株枝干弯曲的梅树上,梅花盛开,上下共有两对喜鹊栖在树上,正是后世常见的“喜上眉梢”吉祥纹样。"
Yuan058_restored,120,缠枝飞鹤菊花纹花绫纹样复原,原件内蒙古达茂旗大苏吉乡明水墓出土,元代,
Yuan059_restored,121,彩绘罗地翟鸟纹蔽膝纹样复原,原件江苏苏州吴张士诚母曹氏墓出土,元代,"江苏苏州吴张士诚母曹氏墓出土的彩绘罗地翟鸟纹蔽膝,其上的翟鸟是皇后或特别高贵的女性的象征,这与曹氏的身份一致。"
Yuan060_restored,121,鸳鸯纹织金绫纹样复原,原件韩国文殊寺金铜阿弥陀佛腹中发现,元代,象征夫妻恩爱的鸳鸯等都能在兀代丝织品上寻到踪迹。
Yuan061_restored,122,罗地销金飞凤麒麟纹胸背纹样复原,,元代,"胸部留有方形图案,其中左上角为飞凤纹样,中间偏右是一蹲着的独角麒麟。"
Yuan062,124,缂丝牡丹团扇,,元代,"在绛色地上,用彩色线齐缂和抢缂牡丹的红花绿叶,花瓣的轮廓和叶脉、枝干用金银线构缂,使红花绿叶相托,更显富丽堂皇。"
Yuan063,125,牡丹山石杂宝纹刺绣,,元代,"元代牡丹也有和山石结合的情况,但有别于传统的池塘花园小景,这种山石直接是从海水中冒出的,牡丹花丛中还穿插佛教和道教的杂宝,包括银锭、书册、犀角、方胜等"
Yuan064,127,柿蒂窠花卉纹刺绣,甘肃敦煌莫高窟出土,元代,"元代人常把多种花卉组合到一幅丝绸图案中,如甘肃敦煌莫高窟出土的柿蒂窠花卉纹刺绣,这件绣品的原件应该很大,织物最中间是深蓝地上钉金绣成的柿蒂窠花卉纹,内置一朵完整的莲花。柿蒂窠外四角绣有四季花卉,分别为杏花、莲花、菊花和梅花,这四种花卉的组合被称为“四季花”“一年景”。"
Yuan065,128,黄地方搭花鸟妆花罗,内蒙古达茂旗大苏吉乡明水墓出土,元代,
Yuan066,129,湖色绫地彩绣婴戏莲纹腰带,河北隆化鸽子洞元代窖藏出土,元代,"河北隆化鸽子洞元代窖藏出土的湖色绫地彩绣婴戏莲纹腰带中,婴孩站在荷叶或莲蓬上,形象可爱,借喻表达多子多孙、“连生贵子”的美好愿望。使用此类婴戏题材是一种托物兴意的方法,在后世依然流行。"
Yuan067,131,杂宝云纹缎,江苏苏州吴张士诚母曹氏墓出土,元代,"江苏苏州吴张士诚母曹氏墓出土的杂宝云纹缎上,以云纹和杂宝相结合,如意云头和犀角、金锭、珊瑚、书卷、火珠等穿插在一起。"
Yuan068,133,团寿云纹缎纹样复原,,元代,"缎面上,团寿周围是如意云纹,带有一条尖尾。纹样二二错排,形成四方连续。"
Yuan069,134,六字真言织金缎,,元代,"如一件织金缎所饰六字真言,据说是佛教秘密莲花部之根本真言,若信徒反复诵读,可积功德。"
Yuan070_restored,136,纳石失靴套上的动物花鸟纹样复原,,元代,"如英国罗西画廊收藏的纳石失靴套,由纳石失制成,纹样却具有浓厚的中原特色,一个循环内有三行纹样:第一行是一只飞鸟和一只似鸽子的立鸟,两者之间是一朵牡丹;第二行是一只后望的野兔和一条前行的狗,两者之间是一朵莲花;第三行则是两只飞鸟,一只如鸾,另一只似雁,雁后是一朵牡丹花蕾"
Yuan071_restored,141,黄地菱格宝相花织金锦纹样复原,,元代,"所谓瓣窠,形如带瓣的团花,故又称“团花窠”,常见的还有八入、十二入、十六入等。如甘肃漳县汪世显家族墓出土的黄地菱格宝相花织金锦上的团花是八瓣"
Yuan072,143,柿蒂窠填花纹纬锦合欢裤面料,,元代,"韩国文殊寺出土的龙纹纱上的窠形和一块私人收藏的柿蒂窠填花纹纬锦合欢裤面料上的纹样即为该类。樗蒲窠,形如梭身,两头尖,中间鼓。樗蒲是一种古代的赌博游戏,类似后世的掷骰子,博戏中用于掷采的骰子最初是用樗木制成的,故称“樗蒲”。"
Yuan073,143,《营造法式》中的胡玛瑙窠图式,,元代,
Yuan074,144,红地团窠对鸟盘龙织金锦,,元代,"在一件私人收藏的大型织金锦上,可同时看到团窠、瓣窠、滴珠窠等窠形。"
Yuan075,148,团窠对格力芬粟特锦,,元代,"一种主题纹样二二正排,二级纹样穿插其中,如中国丝绸博物馆收藏的团窠对格力芬粟特锦"
Yuan076_restored,150,对鸟纹粟特锦纹样复原,,元代,"一种不同的主题纹样进行二二正排,两种不同的二级纹样穿插其中,如同样收藏于中国丝绸博物馆的对鸟纹粟特锦"
Yuan077,151,龟背朵花纹绸,元代河北隆化鸽子洞元代窖藏出,元代,"龟背骨架以六边形作为骨架,因形似龟背纹理而得名,在唐代已经流行,而在宋代似乎达到极盛,元代依然流行,所见较多,如河北隆化鸽子洞元代窖藏出土的龟背朵花纹绸"
Yuan078_restored,151,卍字菱格小花纹绮纹样复原,,元代,"菱形骨架也可称为“规矩骨架”,骨架可由线条构成,再在骨架内填入其他图案,如中国丝绸博物馆收藏的卍字菱格小花纹绮"
Yuan079_restored,152,卧鹿纹织金锦纹样复原,原件甘肃敦煌莫高窟出土,元代,"以藤蔓、水波等组成波状曲线,镜像后构成的骨架称为“对波骨架”。此类骨架流行于北朝至初唐,唐晚期依然使用,元代所见不多,甘肃敦煌莫高窟出土的卧鹿纹织金锦"
Yuan080_restored,152,瓣窠花卉纹织金锦纹样复原,,元代,"收藏于中国丝绸博物馆的瓣窠花卉纹织金锦,似以对波纹为骨架,内填程式化花卉纹。"
Yuan081_restored,154,菱格缠枝牡丹纹织金锦纹样复原,原件甘肃敦煌莫高窟出土,元代,
Yuan082_restored,155,缠枝牡丹纹锦纹样复原,原件俄罗斯北高加索地区出土,元代,
Yuan083,156,织成《仪凤图》,,元代,"该作品原色缎面地,金彩纬丝通梭织百鸟和玉兰。状如手卷画,凤凰和百鸟随处展飞,一羽一毛都栩栩如生,其中又以凤凰的体型为最大,尤显富丽典雅,造型华丽,显示了百鸟朝凤的主题。"
Yuan084,157,鹿纹方补,,元代,
